site,cysteine,uniprot_accession,gene_symbol,prot_description,organism,cell_line,C1,C2,C3,C4,C5,C6,C7,C8,C9,C10,C11,C12,C13,C14,comment,engaged
sp|O75531|BAF_HUMAN_67,67,O75531,BANF1,BAF_HUMAN Barrier-to-autointegration factor,human,HCT116,1.259282221,1.563681672,1.396363076,1.206905895,1.306127978,1.249540471,1.14213759,1.289629261,1.112271031,1.002775403,1.19166891,1.052612727,1.025259436,1.095173887,,1
sp|O75531|BAF_HUMAN_85,85,O75531,BANF1,BAF_HUMAN Barrier-to-autointegration factor,human,HCT116,1.515245887,2.147499672,1.8142173,1.334205643,1.479266915,1.296890743,1.020804725,1.576114308,1.265295285,1.009798197,1.525947481,1.101757787,1.130534472,1.192420759,,2
sp|O75531|BAF_HUMAN_77;80,77;80,O75531,BANF1,BAF_HUMAN Barrier-to-autointegration factor,human,HCT116,0.995436385,0.676218718,1.106167801,0.957732037,0.930476218,0.965683711,0.80986967,1.005609281,1.028992418,0.932242236,1.024626935,0.883592704,1.076643567,0.97266253,,1
sp|O75531|BAF_HUMAN_67,67,O75531,BANF1,BAF_HUMAN Barrier-to-autointegration factor,human,HEK,1.259282221,1.563681672,1.396363076,1.206905895,1.306127978,1.249540471,1.14213759,1.289629261,1.112271031,1.002775403,1.19166891,1.052612727,1.025259436,1.095173887,Fake data,1
sp|O75531|BAF_HUMAN_85,85,O75531,BANF1,BAF_HUMAN Barrier-to-autointegration factor,human,HEK,1.515245887,2.147499672,1.8142173,1.334205643,1.479266915,1.296890743,1.020804725,1.576114308,1.265295285,1.009798197,1.525947481,1.101757787,1.130534472,1.192420759,Fake data,2
sp|Q15910|EZH2_HUMAN_503,503,Q15910,EZH2,EZH2_HUMAN Histone-lysine N-methyltransferase EZH2,human,HCT116,0.833541185,0.641107385,0.65721396,0.678217143,0.652832863,0.867505087,0.957204998,0.771852371,0.724030676,0.882747634,1.011243399,0.939391222,0.879994613,0.943866516,,1
sp|Q15910|EZH2_HUMAN_695,695,Q15910,EZH2,EZH2_HUMAN Histone-lysine N-methyltransferase EZH2,human,HCT116,0.874439373,0.91971554,0.918335991,0.853953662,0.831480075,0.953198492,0.974985949,0.934514018,0.872489872,0.981768103,1.031275141,0.991597,0.975902116,0.909162001,,1
sp|Q15910|EZH2_HUMAN_286,286,Q15910,EZH2,EZH2_HUMAN Histone-lysine N-methyltransferase EZH2,human,HCT116,0.971092656,0.986566892,0.746609272,0.784850392,0.716918576,0.620325617,0.618871677,0.944970254,1.003445351,0.563823156,0.845177624,0.892793933,0.991253846,0.879899611,,1
sp|Q15910|EZH2_HUMAN_642,642,Q15910,EZH2,EZH2_HUMAN Histone-lysine N-methyltransferase EZH2,human,HCT116,1.002087959,0.984580631,1.026320792,1.081968633,1.164478512,1.32514195,1.485909843,1.175174396,0.992698483,1.385735873,1.244120492,1.151446447,1.105020554,1.224639246,,1
sp|Q15910|EZH2_HUMAN_523,523,Q15910,EZH2,EZH2_HUMAN Histone-lysine N-methyltransferase EZH2,human,HCT116,0.977164358,1.082131915,0.848447518,0.992761565,0.814737185,0.721539843,0.734884637,0.956478863,1.144563443,0.736575072,0.914670526,1.104232469,1.019319816,0.90735262,,1
sp|Q15910|EZH2_HUMAN_260,260,Q15910,EZH2,EZH2_HUMAN Histone-lysine N-methyltransferase EZH2,human,HCT116,0.922728927,0.771332095,0.825287353,0.857477526,0.755112333,1.019245156,1.018998036,0.82460391,0.742222597,0.916061325,1.022724097,0.91258639,0.971675049,0.960171871,,1
sp|Q15910|EZH2_HUMAN_414,414,Q15910,EZH2,EZH2_HUMAN Histone-lysine N-methyltransferase EZH2,human,HCT116,0.511287013,0.33217478,0.453080902,0.426210256,0.428850617,2.173894167,1.060694685,0.571316865,0.525847318,2.739421118,1.230056205,0.541813821,0.844026128,1.404318861,,2
sp|Q15910|EZH2_HUMAN_294,294,Q15910,EZH2,EZH2_HUMAN Histone-lysine N-methyltransferase EZH2,human,HCT116,1.06838157,1.094536601,0.901439751,0.976937257,1.022191222,0.795887668,0.920390655,0.992122869,1.04030058,0.802518205,0.939563477,0.88212091,1.017288146,0.985932596,,1
sp|Q15910|EZH2_HUMAN_547;549;553,547;549;553,Q15910,EZH2,EZH2_HUMAN Histone-lysine N-methyltransferase EZH2,human,HCT116,1.006412228,0.855259514,0.960451901,1.022834254,0.975346817,0.970639997,1.04183843,0.965975571,0.893278275,1.09647704,1.02227035,1.038125054,0.886414121,0.968783767,,1
sp|Q15910|EZH2_HUMAN_320;324,320;324,Q15910,EZH2,EZH2_HUMAN Histone-lysine N-methyltransferase EZH2,human,HCT116,1.042402588,1.063724268,1.161682325,0.977747848,1.224528952,1.371989953,1.270179949,1.124119248,1.140681836,1.278068771,1.14378188,1.075627667,1.092794017,1.10310986,,1
sp|Q15910|EZH2_HUMAN_580;585;588,580;585;588,Q15910,EZH2,EZH2_HUMAN Histone-lysine N-methyltransferase EZH2,human,HCT116,1.130785437,0.678961616,0.918752888,0.855139061,0.911562384,0.816595236,0.905191684,0.882908776,0.644842702,1.066283328,0.764448943,0.809605953,0.721708918,0.994472112,,1
sp|Q15910|EZH2_HUMAN_503,503,Q15910,EZH2,EZH2_HUMAN Histone-lysine N-methyltransferase EZH2,human,HEK,1.002087959,0.984580631,1.026320792,1.081968633,1.164478512,1.32514195,1.485909843,1.175174396,0.992698483,1.385735873,1.244120492,1.151446447,1.105020554,1.224639246,Fake data,1
sp|Q15910|EZH2_HUMAN_580;585;588,580;585;588,Q15910,EZH2,EZH2_HUMAN Histone-lysine N-methyltransferase EZH2,human,HEK,1.511287013,1.33217478,0.453080902,0.426210256,0.428850617,2.173894167,1.060694685,0.571316865,0.525847318,2.739421118,1.230056205,0.541813821,0.844026128,1.404318861,Fake data,2
sp|P49327|FAS_HUMAN_1759,1759,P49327,FASN,FAS_HUMAN Fatty acid synthase,human,HCT116,0.967831057,0.929160858,0.917669848,0.91002717,0.908437129,1.002936556,0.996866399,1.01096785,0.91597813,0.981754996,0.954006444,0.984324011,0.92773202,0.977247294,,1
sp|P49327|FAS_HUMAN_223,223,P49327,FASN,FAS_HUMAN Fatty acid synthase,human,HCT116,0.967982605,0.951541293,0.931551171,0.918199959,0.874935649,0.905043021,0.925681994,1.007165834,0.954150683,0.979637939,0.942468034,0.923089595,0.962320728,1.012578065,,1
sp|P49327|FAS_HUMAN_1186,1186,P49327,FASN,FAS_HUMAN Fatty acid synthase,human,HCT116,0.7265022,0.665232992,0.651125514,0.674438668,0.625805307,0.782616949,0.859322609,0.710792494,0.668009713,0.811657686,0.859779212,0.761248012,0.800034919,0.858982549,,1
sp|P49327|FAS_HUMAN_2202,2202,P49327,FASN,FAS_HUMAN Fatty acid synthase,human,HCT116,0.838943912,0.726026319,0.74484101,0.725157129,0.744281954,0.965421083,1.113207389,0.750005758,0.720636589,1.010281049,1.018176458,0.861767356,0.869883147,0.911584711,,1
sp|P49327|FAS_HUMAN_1548,1548,P49327,FASN,FAS_HUMAN Fatty acid synthase,human,HCT116,0.832143455,0.71094988,0.688900162,0.699031166,0.67572149,0.83162906,0.850011416,0.761554928,0.741540422,0.831512809,0.887655124,0.860604211,0.846980075,0.857030565,,1
sp|P49327|FAS_HUMAN_135,135,P49327,FASN,FAS_HUMAN Fatty acid synthase,human,HCT116,0.911599997,0.876717592,0.890258789,0.877493773,0.86752867,0.946453746,0.95466708,0.905224137,0.890645826,0.946319197,0.952662161,0.917006613,0.908729753,0.940774934,,1
sp|P49327|FAS_HUMAN_1828,1828,P49327,FASN,FAS_HUMAN Fatty acid synthase,human,HCT116,0.965016754,0.933309287,0.87409561,0.895579773,0.865012069,0.925297722,0.923594166,0.913679134,0.909804047,0.971119884,0.941635731,0.919198995,0.926739251,0.978453899,,1
sp|P49327|FAS_HUMAN_212,212,P49327,FASN,FAS_HUMAN Fatty acid synthase,human,HCT116,0.918694386,0.844322105,0.888317515,0.879334911,0.870262339,0.950385887,0.962683405,0.913874973,0.887468652,0.977443185,0.963460744,0.918895879,0.912755198,0.956286244,,1
sp|P49327|FAS_HUMAN_2273,2273,P49327,FASN,FAS_HUMAN Fatty acid synthase,human,HCT116,0.866186013,0.802040752,0.786744811,0.787893434,0.766121369,0.902560344,0.907286324,0.86521399,0.810343184,0.90868514,0.868429752,0.90549949,0.862409629,0.910351591,,1
sp|P49327|FAS_HUMAN_1141,1141,P49327,FASN,FAS_HUMAN Fatty acid synthase,human,HCT116,0.821078664,0.710627343,0.699558855,0.693499155,0.678860462,0.855989005,0.902914686,0.713320517,0.726214251,0.875762897,0.90491801,0.808388503,0.807396956,0.878044152,,1
sp|P49327|FAS_HUMAN_779,779,P49327,FASN,FAS_HUMAN Fatty acid synthase,human,HCT116,0.919759885,0.926513979,1.012389323,0.916823966,0.937771504,1.014264082,1.034277557,0.987395003,0.919656039,1.005461364,0.988996163,0.916896798,0.930244273,0.930281358,,1
sp|P49327|FAS_HUMAN_1403,1403,P49327,FASN,FAS_HUMAN Fatty acid synthase,human,HCT116,0.925106425,0.872080294,0.926916599,0.891130467,0.874447502,0.994669199,1.000696333,0.929372171,0.960417245,0.978047932,0.929195397,0.943368481,0.945445003,0.973774716,,1
sp|P49327|FAS_HUMAN_1471,1471,P49327,FASN,FAS_HUMAN Fatty acid synthase,human,HCT116,0.843307592,0.76812081,0.693209215,0.695172633,0.64259487,0.731199071,0.725285237,0.745469494,0.784971109,0.755115433,0.820909473,0.899976699,0.881293772,0.891885331,,1
sp|P49327|FAS_HUMAN_496,496,P49327,FASN,FAS_HUMAN Fatty acid synthase,human,HCT116,0.947079294,0.825737656,0.86733972,0.826147881,0.778872837,0.913124354,0.902612399,0.923540477,0.819920069,0.893424586,1.005564535,0.867194254,0.883544894,0.889329121,,1
sp|P49327|FAS_HUMAN_2468,2468,P49327,FASN,FAS_HUMAN Fatty acid synthase,human,HCT116,0.986710711,0.956132869,1.058046521,0.981396349,0.998168496,1.103535657,1.119531494,1.020606799,0.945574093,1.1174031,1.024523873,1.009262884,0.965947937,0.978760823,,1
sp|P49327|FAS_HUMAN_1992,1992,P49327,FASN,FAS_HUMAN Fatty acid synthase,human,HCT116,0.957335634,0.880031867,0.903204828,0.892715995,0.939052656,1.105106882,1.266355112,0.964922422,0.873802611,1.081950092,1.077361791,0.919777009,0.965185677,0.949501309,,1
sp|P49327|FAS_HUMAN_1227,1227,P49327,FASN,FAS_HUMAN Fatty acid synthase,human,HCT116,0.865556074,0.829149762,0.818074916,0.806785627,0.798802937,0.896595651,0.94092132,0.8487968,0.833686687,0.933741928,0.929761122,0.903531341,0.868363549,0.943805187,,1
sp|P49327|FAS_HUMAN_630,630,P49327,FASN,FAS_HUMAN Fatty acid synthase,human,HCT116,0.974851768,0.893374111,0.879097202,0.857945612,0.849233649,0.952652146,0.953158849,0.882495829,0.886417585,0.961185059,0.975422593,0.917150262,0.897001117,0.965454335,,1
sp|P49327|FAS_HUMAN_1881,1881,P49327,FASN,FAS_HUMAN Fatty acid synthase,human,HCT116,0.913585389,0.836075598,0.81840408,0.797042515,0.75857801,0.912010132,1.061397181,0.891906319,0.884416945,0.939784216,0.948141274,0.891000648,0.882021141,0.886822865,,1
sp|P49327|FAS_HUMAN_1118;1127,1118;1127,P49327,FASN,FAS_HUMAN Fatty acid synthase,human,HCT116,0.921709215,0.849889329,0.788621181,0.761452931,0.744670352,0.912223595,0.944150219,0.816298815,0.845176796,0.896127779,0.930789747,0.925556481,0.918452891,0.960248505,,1
sp|P49327|FAS_HUMAN_634;642,634;642,P49327,FASN,FAS_HUMAN Fatty acid synthase,human,HCT116,0.879551381,0.862843351,0.784319295,0.791261278,0.760165384,0.805379948,0.856220333,0.846096944,0.858178117,0.812130494,0.91703079,0.90213454,0.89858639,0.922060167,,1
sp|P49327|FAS_HUMAN_1558;1564,1558;1564,P49327,FASN,FAS_HUMAN Fatty acid synthase,human,HCT116,0.830039707,0.704091261,0.647345895,0.626233255,0.639691298,0.820429446,1.072696024,0.71785495,0.685176822,0.979017975,1.061598535,0.829901755,0.83936203,0.898754107,,1
sp|P49327|FAS_HUMAN_1448;1459,1448;1459,P49327,FASN,FAS_HUMAN Fatty acid synthase,human,HCT116,1.046583429,0.823499079,0.788138033,0.875597195,0.777943573,0.962833666,1.036959917,0.862419309,0.810529133,0.955653684,0.908326231,0.864691174,0.977177532,1.093705346,,1
sp|P49327|FAS_HUMAN_223,223,P49327,FASN,FAS_HUMAN Fatty acid synthase,human,HEK,0.967982605,0.951541293,0.931551171,0.918199959,0.874935649,0.905043021,0.925681994,1.007165834,0.954150683,0.979637939,0.942468034,0.923089595,0.962320728,1.012578065,Fake data,1
sp|P49327|FAS_HUMAN_1186,1186,P49327,FASN,FAS_HUMAN Fatty acid synthase,human,HEK,0.7265022,0.665232992,0.651125514,0.674438668,0.625805307,0.782616949,0.859322609,0.710792494,0.668009713,0.811657686,0.859779212,0.761248012,0.800034919,0.858982549,Fake data,1
sp|P49327|FAS_HUMAN_2202,2202,P49327,FASN,FAS_HUMAN Fatty acid synthase,human,HEK,0.838943912,0.726026319,0.74484101,0.725157129,0.744281954,0.965421083,1.113207389,0.750005758,0.720636589,1.010281049,1.018176458,0.861767356,0.869883147,0.911584711,Fake data,1
